semana,tienda_id,categoria,precio_unitario,descuento_pct,inventario_prev,es_temporada_alta,ventas_categoria
1,1,Electronica,2405.91,0.143,196,0,ALTA
1,1,Ropa,403.56,0.023,61,0,BAJA
1,1,Alimentos,123.64,0.106,54,0,BAJA
1,1,Hogar,879.79,0.032,86,0,BAJA
1,1,Deportes,611.83,0.079,136,0,BAJA
1,2,Electronica,2583.89,0.021,108,0,BAJA
1,2,Ropa,444.07,0.118,89,0,BAJA
1,2,Alimentos,123.33,0.007,171,0,BAJA
1,2,Hogar,695.61,0.142,243,0,BAJA
1,2,Deportes,611.9,0.015,186,0,BAJA
1,3,Electronica,2216.53,0.074,56,0,BAJA
1,3,Ropa,417.44,0.099,112,0,BAJA
1,3,Alimentos,121.68,0.028,243,0,BAJA
1,3,Hogar,905.48,0.134,169,0,BAJA
1,3,Deportes,569.76,0.029,59,0,BAJA
1,4,Electronica,2416.51,0.041,215,0,BAJA
1,4,Ropa,420.43,0.081,78,0,BAJA
1,4,Alimentos,104.68,0.148,204,0,ALTA
1,4,Hogar,681.33,0.122,191,0,ALTA
1,4,Deportes,702.9,0.011,121,0,BAJA
1,5,Electronica,2772.33,0.093,116,0,ALTA
1,5,Ropa,424.48,0.049,195,0,BAJA
1,5,Alimentos,133.94,0.071,73,0,BAJA
1,5,Hogar,862.59,0.084,204,0,BAJA
1,5,Deportes,654.43,0.064,55,0,BAJA
1,6,Electronica,2148.57,0.095,112,0,BAJA
1,6,Ropa,505.02,0.037,132,0,BAJA
1,6,Alimentos,110.24,0.012,107,0,BAJA
1,6,Hogar,903.13,0.121,176,0,BAJA
1,6,Deportes,709.22,0.028,228,0,BAJA
2,1,Electronica,2730.58,0.134,113,0,BAJA
2,1,Ropa,413.27,0.064,213,0,BAJA
2,1,Alimentos,102.25,0.077,133,0,BAJA
2,1,Hogar,708.77,0.051,238,0,BAJA
2,1,Deportes,653.66,0.105,122,0,BAJA
2,2,Electronica,2846.84,0.038,149,0,BAJA
2,2,Ropa,420.95,0.006,171,0,BAJA
2,2,Alimentos,103.85,0.042,231,0,BAJA
2,2,Hogar,714.77,0.073,247,0,BAJA
2,2,Deportes,683.57,0.114,97,0,BAJA
2,3,Electronica,2400.84,0.095,176,0,BAJA
2,3,Ropa,394.69,0.125,114,0,BAJA
2,3,Alimentos,103.47,0.089,185,0,ALTA
2,3,Hogar,802.9,0.034,179,0,BAJA
2,3,Deportes,687.23,0.058,237,0,BAJA
2,4,Electronica,2380.8,0.017,234,0,BAJA
2,4,Ropa,417.32,0.099,213,0,BAJA
2,4,Alimentos,121.07,0.036,68,0,BAJA
2,4,Hogar,896.1,0.095,117,0,BAJA
2,4,Deportes,694.06,0.135,227,0,ALTA
2,5,Electronica,2606.52,0.013,82,0,BAJA
2,5,Ropa,464.37,0.001,70,0,BAJA
2,5,Alimentos,102.18,0.024,159,0,BAJA
2,5,Hogar,836.47,0.034,192,0,BAJA
2,5,Deportes,615.95,0.112,179,0,BAJA
2,6,Electronica,2618.21,0.085,68,0,BAJA
2,6,Ropa,418.3,0.037,244,0,BAJA
2,6,Alimentos,134.11,0.095,208,0,BAJA
2,6,Hogar,818.46,0.074,89,0,BAJA
2,6,Deportes,607.25,0.004,179,0,BAJA
3,1,Electronica,2830.34,0.143,232,0,ALTA
3,1,Ropa,384.59,0.139,135,0,BAJA
3,1,Alimentos,136.69,0.128,108,0,BAJA
3,1,Hogar,884.27,0.048,83,0,BAJA
3,1,Deportes,735.05,0.104,164,0,ALTA
3,2,Electronica,2586.26,0.149,78,0,BAJA
3,2,Ropa,500.95,0.111,189,0,ALTA
3,2,Alimentos,114.94,0.044,211,0,BAJA
3,2,Hogar,888.1,0.137,152,0,BAJA
3,2,Deportes,708.17,0.097,190,0,BAJA
3,3,Electronica,2792.5,0.051,125,0,ALTA
3,3,Ropa,460.57,0.005,143,0,BAJA
3,3,Alimentos,112.32,0.089,56,0,ALTA
3,3,Hogar,877.42,0.054,75,0,BAJA
3,3,Deportes,702.65,0.032,174,0,ALTA
3,4,Electronica,2163.76,0.08,158,0,BAJA
3,4,Ropa,480.52,0.146,153,0,BAJA
3,4,Alimentos,130.63,0.041,137,0,ALTA
3,4,Hogar,686.08,0.144,217,0,ALTA
3,4,Deportes,632.25,0.026,81,0,BAJA
3,5,Electronica,2536.92,0.107,182,0,ALTA
3,5,Ropa,511.41,0.111,160,0,BAJA
3,5,Alimentos,117.11,0.037,121,0,BAJA
3,5,Hogar,683.45,0.017,59,0,ALTA
3,5,Deportes,719.31,0.106,144,0,ALTA
3,6,Electronica,2493.71,0.071,84,0,BAJA
3,6,Ropa,436.3,0.092,177,0,ALTA
3,6,Alimentos,115.49,0.094,150,0,BAJA
3,6,Hogar,838.09,0.024,64,0,BAJA
3,6,Deportes,557.67,0.088,238,0,BAJA
4,1,Electronica,2416.13,0.096,141,0,BAJA
4,1,Ropa,509.6,0.058,242,0,BAJA
4,1,Alimentos,109.05,0.01,70,0,ALTA
4,1,Hogar,702.67,0.102,64,0,BAJA
4,1,Deportes,717.25,0.003,212,0,BAJA
4,2,Electronica,2213.62,0.105,175,0,BAJA
4,2,Ropa,481.73,0.121,106,0,BAJA
4,2,Alimentos,129.02,0.121,248,0,ALTA
4,2,Hogar,769.28,0.116,118,0,BAJA
4,2,Deportes,719.89,0.064,200,0,BAJA
4,3,Electronica,2202.34,0.135,151,0,BAJA
4,3,Ropa,425.71,0.134,127,0,ALTA
4,3,Alimentos,134.59,0.014,113,0,BAJA
4,3,Hogar,908.15,0.086,176,0,BAJA
4,3,Deportes,609.68,0.049,184,0,BAJA
4,4,Electronica,2718.68,0.118,68,0,BAJA
4,4,Ropa,390.27,0.082,138,0,BAJA
4,4,Alimentos,114.63,0.018,78,0,BAJA
4,4,Hogar,828.37,0.015,66,0,BAJA
4,4,Deportes,566.69,0.123,191,0,ALTA
4,5,Electronica,2188.63,0.148,124,0,BAJA
4,5,Ropa,492.23,0.142,247,0,ALTA
4,5,Alimentos,115.55,0.013,205,0,BAJA
4,5,Hogar,781.81,0.136,72,0,BAJA
4,5,Deportes,554.71,0.07,61,0,BAJA
4,6,Electronica,2213.14,0.097,199,0,BAJA
4,6,Ropa,512.39,0.056,107,0,BAJA
4,6,Alimentos,110.05,0.144,52,0,BAJA
4,6,Hogar,690.36,0.134,155,0,BAJA
4,6,Deportes,566.89,0.083,243,0,BAJA
5,1,Electronica,2597.05,0.104,140,0,BAJA
5,1,Ropa,461.38,0.135,59,0,BAJA
5,1,Alimentos,136.21,0.134,141,0,BAJA
5,1,Hogar,746.57,0.028,142,0,BAJA
5,1,Deportes,666.31,0.012,244,0,BAJA
5,2,Electronica,2648.62,0.08,111,0,BAJA
5,2,Ropa,474.94,0.024,232,0,BAJA
5,2,Alimentos,136.19,0.109,172,0,BAJA
5,2,Hogar,903.85,0.13,59,0,ALTA
5,2,Deportes,625.91,0.122,247,0,ALTA
5,3,Electronica,2570.6,0.057,243,0,BAJA
5,3,Ropa,495.67,0.07,132,0,BAJA
5,3,Alimentos,104.03,0.13,212,0,BAJA
5,3,Hogar,919.19,0.083,203,0,BAJA
5,3,Deportes,718.18,0.037,140,0,BAJA
5,4,Electronica,2840.54,0.091,95,0,BAJA
5,4,Ropa,465.95,0.054,72,0,BAJA
5,4,Alimentos,120.73,0.116,154,0,BAJA
5,4,Hogar,812.46,0.084,225,0,BAJA
5,4,Deportes,578.63,0.004,201,0,BAJA
5,5,Electronica,2653.06,0.032,77,0,ALTA
5,5,Ropa,429.83,0.088,128,0,BAJA
5,5,Alimentos,134.55,0.052,152,0,BAJA
5,5,Hogar,775.17,0.093,222,0,BAJA
5,5,Deportes,581.18,0.139,148,0,BAJA
5,6,Electronica,2469.35,0.147,148,0,BAJA
5,6,Ropa,468.01,0.036,65,0,BAJA
5,6,Alimentos,106.61,0.023,77,0,BAJA
5,6,Hogar,723.65,0.052,229,0,BAJA
5,6,Deportes,682.67,0.026,88,0,ALTA
6,1,Electronica,2251.7,0.042,85,0,ALTA
6,1,Ropa,398.79,0.069,91,0,BAJA
6,1,Alimentos,120.12,0.104,57,0,BAJA
6,1,Hogar,830.7,0.012,224,0,BAJA
6,1,Deportes,564.41,0.042,211,0,BAJA
6,2,Electronica,2263.39,0.031,124,0,BAJA
6,2,Ropa,465.96,0.055,142,0,BAJA
6,2,Alimentos,103.32,0.038,192,0,BAJA
6,2,Hogar,802.8,0.08,71,0,BAJA
6,2,Deportes,656.36,0.036,103,0,BAJA
6,3,Electronica,2140.05,0.048,92,0,BAJA
6,3,Ropa,398.67,0.134,168,0,BAJA
6,3,Alimentos,130.41,0.075,67,0,BAJA
6,3,Hogar,820.84,0.112,136,0,BAJA
6,3,Deportes,607.84,0.054,179,0,BAJA
6,4,Electronica,2392.07,0.148,171,0,BAJA
6,4,Ropa,396.24,0.023,99,0,BAJA
6,4,Alimentos,108.72,0.043,84,0,BAJA
6,4,Hogar,699.26,0.079,132,0,BAJA
6,4,Deportes,574.35,0.06,243,0,BAJA
6,5,Electronica,2737.8,0.039,84,0,BAJA
6,5,Ropa,507.97,0.084,164,0,BAJA
6,5,Alimentos,129.7,0.028,114,0,BAJA
6,5,Hogar,801.83,0.036,72,0,BAJA
6,5,Deportes,608.78,0.087,80,0,BAJA
6,6,Electronica,2524.44,0.008,117,0,BAJA
6,6,Ropa,391.06,0.148,114,0,BAJA
6,6,Alimentos,111.17,0.102,202,0,ALTA
6,6,Hogar,793.18,0.062,119,0,BAJA
6,6,Deportes,714.47,0.145,74,0,BAJA
7,1,Electronica,2828.76,0.027,63,0,BAJA
7,1,Ropa,460.05,0.126,77,0,BAJA
7,1,Alimentos,109.26,0.025,82,0,BAJA
7,1,Hogar,839.65,0.078,121,0,BAJA
7,1,Deportes,629.03,0.122,137,0,BAJA
7,2,Electronica,2472.01,0.045,199,0,BAJA
7,2,Ropa,413.85,0.135,126,0,BAJA
7,2,Alimentos,134.63,0.094,73,0,BAJA
7,2,Hogar,830.65,0.05,77,0,BAJA
7,2,Deportes,673.41,0.08,228,0,BAJA
7,3,Electronica,2238.76,0.047,99,0,BAJA
7,3,Ropa,387.03,0.085,202,0,BAJA
7,3,Alimentos,114.31,0.123,72,0,BAJA
7,3,Hogar,710.6,0.06,209,0,BAJA
7,3,Deportes,597.2,0.108,194,0,ALTA
7,4,Electronica,2645.46,0.081,100,0,BAJA
7,4,Ropa,407.02,0.136,166,0,BAJA
7,4,Alimentos,118.63,0.142,80,0,BAJA
7,4,Hogar,801.41,0.092,53,0,BAJA
7,4,Deportes,734.26,0.085,189,0,BAJA
7,5,Electronica,2655.43,0.023,165,0,BAJA
7,5,Ropa,439.76,0.11,236,0,BAJA
7,5,Alimentos,118.23,0.017,246,0,BAJA
7,5,Hogar,709.92,0.138,223,0,ALTA
7,5,Deportes,667.8,0.06,60,0,BAJA
7,6,Electronica,2727.14,0.001,116,0,BAJA
7,6,Ropa,455.05,0.138,119,0,BAJA
7,6,Alimentos,128.55,0.068,94,0,BAJA
7,6,Hogar,713.81,0.026,149,0,BAJA
7,6,Deportes,730.89,0.054,166,0,BAJA
8,1,Electronica,2134.82,0.1,85,0,BAJA
8,1,Ropa,402.57,0.062,67,0,BAJA
8,1,Alimentos,120.08,0.089,63,0,BAJA
8,1,Hogar,730.38,0.135,91,0,BAJA
8,1,Deportes,559.63,0.071,162,0,ALTA
8,2,Electronica,2706.65,0.068,154,0,BAJA
8,2,Ropa,436.6,0.084,81,0,BAJA
8,2,Alimentos,133.02,0.142,124,0,BAJA
8,2,Hogar,834.56,0.061,55,0,BAJA
8,2,Deportes,692.11,0.099,55,0,BAJA
8,3,Electronica,2298.31,0.101,53,0,BAJA
8,3,Ropa,490.49,0.027,180,0,BAJA
8,3,Alimentos,105.58,0.036,194,0,BAJA
8,3,Hogar,879.25,0.06,183,0,BAJA
8,3,Deportes,609.66,0.134,52,0,ALTA
8,4,Electronica,2280.91,0.004,86,0,BAJA
8,4,Ropa,439.39,0.134,213,0,ALTA
8,4,Alimentos,111.34,0.057,168,0,BAJA
8,4,Hogar,829.8,0.061,160,0,BAJA
8,4,Deportes,609.92,0.142,202,0,ALTA
8,5,Electronica,2776.35,0.073,228,0,BAJA
8,5,Ropa,439.9,0.003,103,0,BAJA
8,5,Alimentos,124.81,0.039,77,0,BAJA
8,5,Hogar,916.26,0.079,84,0,BAJA
8,5,Deportes,556.09,0.137,73,0,BAJA
8,6,Electronica,2330.54,0.083,180,0,BAJA
8,6,Ropa,410.37,0.002,77,0,BAJA
8,6,Alimentos,133.46,0.09,170,0,BAJA
8,6,Hogar,722.09,0.137,133,0,BAJA
8,6,Deportes,653.69,0.007,83,0,BAJA
9,1,Electronica,2187.1,0.09,99,0,BAJA
9,1,Ropa,421.47,0.053,193,0,BAJA
9,1,Alimentos,122.39,0.071,182,0,BAJA
9,1,Hogar,855.82,0.032,56,0,BAJA
9,1,Deportes,668.54,0.008,149,0,BAJA
9,2,Electronica,2375.68,0.116,71,0,ALTA
9,2,Ropa,480.81,0.074,187,0,BAJA
9,2,Alimentos,110.87,0.123,209,0,ALTA
9,2,Hogar,745.31,0.089,122,0,ALTA
9,2,Deportes,731.38,0.021,240,0,BAJA
9,3,Electronica,2263.85,0.081,224,0,BAJA
9,3,Ropa,491.39,0.099,188,0,BAJA
9,3,Alimentos,110.99,0.073,94,0,BAJA
9,3,Hogar,906.57,0.006,191,0,BAJA
9,3,Deportes,587.71,0.085,233,0,ALTA
9,4,Electronica,2648.07,0.045,234,0,BAJA
9,4,Ropa,509.98,0.071,222,0,BAJA
9,4,Alimentos,113.49,0.124,57,0,BAJA
9,4,Hogar,735.2,0.018,65,0,BAJA
9,4,Deportes,618.78,0.109,63,0,BAJA
9,5,Electronica,2529.62,0.119,113,0,BAJA
9,5,Ropa,502.11,0.092,96,0,ALTA
9,5,Alimentos,133.32,0.003,224,0,BAJA
9,5,Hogar,905.38,0.12,249,0,ALTA
9,5,Deportes,702.1,0.06,145,0,BAJA
9,6,Electronica,2780.26,0.148,203,0,ALTA
9,6,Ropa,439.38,0.111,97,0,BAJA
9,6,Alimentos,114.77,0.043,109,0,BAJA
9,6,Hogar,690.1,0.003,247,0,BAJA
9,6,Deportes,627.44,0.102,93,0,BAJA
10,1,Electronica,2714.76,0.013,133,0,BAJA
10,1,Ropa,510.04,0.07,172,0,BAJA
10,1,Alimentos,137.68,0.035,238,0,BAJA
10,1,Hogar,825.86,0.077,96,0,BAJA
10,1,Deportes,595.49,0.028,205,0,BAJA
10,2,Electronica,2168.38,0.145,226,0,BAJA
10,2,Ropa,516.81,0.026,129,0,BAJA
10,2,Alimentos,127.06,0.023,213,0,BAJA
10,2,Hogar,733.72,0.081,168,0,BAJA
10,2,Deportes,570.34,0.132,103,0,BAJA
10,3,Electronica,2791.56,0.143,222,0,BAJA
10,3,Ropa,470.96,0.083,67,0,BAJA
10,3,Alimentos,115.42,0.039,194,0,BAJA
10,3,Hogar,699.45,0.033,186,0,ALTA
10,3,Deportes,718.49,0.074,146,0,BAJA
10,4,Electronica,2743.51,0.052,185,0,BAJA
10,4,Ropa,418.55,0.132,209,0,ALTA
10,4,Alimentos,132.62,0.13,191,0,BAJA
10,4,Hogar,847.39,0.102,173,0,BAJA
10,4,Deportes,583.43,0.132,224,0,ALTA
10,5,Electronica,2744.36,0.019,117,0,BAJA
10,5,Ropa,404.2,0.123,216,0,ALTA
10,5,Alimentos,102.23,0.043,173,0,BAJA
10,5,Hogar,831.64,0.039,176,0,BAJA
10,5,Deportes,704.57,0.016,202,0,BAJA
10,6,Electronica,2847.24,0.051,176,0,BAJA
10,6,Ropa,396.34,0.141,187,0,ALTA
10,6,Alimentos,112.83,0.106,63,0,BAJA
10,6,Hogar,763.01,0.093,59,0,BAJA
10,6,Deportes,742.33,0.145,199,0,ALTA
11,1,Electronica,2693.7,0.004,54,0,BAJA
11,1,Ropa,448.47,0.116,186,0,ALTA
11,1,Alimentos,111.85,0.15,135,0,BAJA
11,1,Hogar,719.27,0.119,188,0,ALTA
11,1,Deportes,568.56,0.102,180,0,BAJA
11,2,Electronica,2838.15,0.023,136,0,BAJA
11,2,Ropa,439.16,0.096,129,0,BAJA
11,2,Alimentos,137.42,0.061,228,0,BAJA
11,2,Hogar,731.15,0.005,180,0,BAJA
11,2,Deportes,721.05,0.071,243,0,BAJA
11,3,Electronica,2776.47,0.116,204,0,BAJA
11,3,Ropa,485.24,0.094,76,0,ALTA
11,3,Alimentos,135.15,0.092,209,0,BAJA
11,3,Hogar,708.15,0.019,187,0,BAJA
11,3,Deportes,591.6,0.074,62,0,BAJA
11,4,Electronica,2326.75,0.12,112,0,BAJA
11,4,Ropa,384.07,0.011,128,0,BAJA
11,4,Alimentos,123.6,0.044,188,0,BAJA
11,4,Hogar,867.16,0.006,146,0,BAJA
11,4,Deportes,599.7,0.148,78,0,BAJA
11,5,Electronica,2588.62,0.105,161,0,ALTA
11,5,Ropa,426.57,0.078,67,0,BAJA
11,5,Alimentos,103.2,0.012,129,0,BAJA
11,5,Hogar,816.21,0.103,210,0,ALTA
11,5,Deportes,585.16,0.016,177,0,BAJA
11,6,Electronica,2148.69,0.14,60,0,BAJA
11,6,Ropa,478.22,0.131,192,0,BAJA
11,6,Alimentos,114.22,0.122,66,0,BAJA
11,6,Hogar,811.42,0.123,140,0,BAJA
11,6,Deportes,655.15,0.11,66,0,ALTA
12,1,Electronica,2310.33,0.024,224,0,BAJA
12,1,Ropa,514.24,0.051,86,0,BAJA
12,1,Alimentos,125.71,0.075,161,0,BAJA
12,1,Hogar,734.83,0.149,244,0,ALTA
12,1,Deportes,591.41,0.102,64,0,ALTA
12,2,Electronica,2318.26,0.069,223,0,BAJA
12,2,Ropa,482.77,0.064,119,0,BAJA
12,2,Alimentos,137.56,0.006,223,0,BAJA
12,2,Hogar,785.27,0.109,147,0,BAJA
12,2,Deportes,728.14,0.063,105,0,BAJA
12,3,Electronica,2809.27,0.032,174,0,BAJA
12,3,Ropa,481.47,0.02,193,0,BAJA
12,3,Alimentos,108.47,0.036,244,0,BAJA
12,3,Hogar,885.05,0.074,99,0,BAJA
12,3,Deportes,639.33,0.077,121,0,BAJA
12,4,Electronica,2247.64,0.059,243,0,BAJA
12,4,Ropa,471.16,0.049,204,0,BAJA
12,4,Alimentos,136.91,0.068,97,0,ALTA
12,4,Hogar,720.74,0.078,117,0,BAJA
12,4,Deportes,636.52,0.037,173,0,BAJA
12,5,Electronica,2250.28,0.025,57,0,BAJA
12,5,Ropa,472.11,0.071,218,0,BAJA
12,5,Alimentos,123.07,0.13,91,0,BAJA
12,5,Hogar,744.74,0.009,156,0,BAJA
12,5,Deportes,560.17,0.018,140,0,BAJA
12,6,Electronica,2362.12,0.076,58,0,BAJA
12,6,Ropa,515.7,0.145,50,0,BAJA
12,6,Alimentos,125.01,0.13,140,0,BAJA
12,6,Hogar,797.32,0.1,77,0,ALTA
12,6,Deportes,612.55,0.106,90,0,BAJA
13,1,Electronica,2852.43,0.014,184,0,BAJA
13,1,Ropa,499.7,0.027,188,0,BAJA
13,1,Alimentos,136.01,0.102,149,0,BAJA
13,1,Hogar,888.54,0.086,56,0,BAJA
13,1,Deportes,686.96,0.101,93,0,BAJA
13,2,Electronica,2420.4,0.098,71,0,BAJA
13,2,Ropa,517.42,0.007,245,0,BAJA
13,2,Alimentos,133.35,0.117,163,0,BAJA
13,2,Hogar,890.84,0.061,115,0,BAJA
13,2,Deportes,710.03,0.114,209,0,ALTA
13,3,Electronica,2738.38,0.018,158,0,ALTA
13,3,Ropa,426.32,0.055,129,0,BAJA
13,3,Alimentos,115.99,0.067,97,0,BAJA
13,3,Hogar,734.54,0.011,170,0,BAJA
13,3,Deportes,673.3,0.07,125,0,BAJA
13,4,Electronica,2514.31,0.072,55,0,BAJA
13,4,Ropa,433.83,0.06,166,0,BAJA
13,4,Alimentos,123.88,0.115,212,0,ALTA
13,4,Hogar,909.33,0.003,89,0,ALTA
13,4,Deportes,678.76,0.135,98,0,BAJA
13,5,Electronica,2170.2,0.14,120,0,BAJA
13,5,Ropa,448.09,0.039,106,0,BAJA
13,5,Alimentos,130.91,0.081,112,0,BAJA
13,5,Hogar,851.88,0.041,132,0,BAJA
13,5,Deportes,587.82,0.102,86,0,BAJA
13,6,Electronica,2656.78,0.016,163,0,BAJA
13,6,Ropa,512.5,0.073,211,0,BAJA
13,6,Alimentos,103.56,0.095,240,0,BAJA
13,6,Hogar,876.61,0.133,95,0,BAJA
13,6,Deportes,671.64,0.062,217,0,BAJA
14,1,Electronica,2390.07,0.036,206,0,BAJA
14,1,Ropa,493.55,0.064,183,0,ALTA
14,1,Alimentos,124.46,0.068,167,0,BAJA
14,1,Hogar,856.85,0.129,93,0,ALTA
14,1,Deportes,557.11,0.096,171,0,BAJA
14,2,Electronica,2298.96,0.059,168,0,BAJA
14,2,Ropa,515.85,0.02,189,0,BAJA
14,2,Alimentos,117.42,0.108,188,0,BAJA
14,2,Hogar,710.81,0.016,194,0,BAJA
14,2,Deportes,605.96,0.012,67,0,BAJA
14,3,Electronica,2268.9,0.049,95,0,BAJA
14,3,Ropa,391.87,0.078,63,0,BAJA
14,3,Alimentos,110.41,0.081,226,0,BAJA
14,3,Hogar,807.91,0.049,116,0,BAJA
14,3,Deportes,746.36,0.099,161,0,BAJA
14,4,Electronica,2473.9,0.009,162,0,BAJA
14,4,Ropa,406.17,0.104,90,0,BAJA
14,4,Alimentos,105.48,0.068,201,0,BAJA
14,4,Hogar,839.58,0.119,235,0,ALTA
14,4,Deportes,630.37,0.023,248,0,BAJA
14,5,Electronica,2529.97,0.126,154,0,BAJA
14,5,Ropa,394.53,0.113,75,0,BAJA
14,5,Alimentos,130.15,0.106,57,0,BAJA
14,5,Hogar,743.15,0.054,67,0,BAJA
14,5,Deportes,660.49,0.046,129,0,BAJA
14,6,Electronica,2575.45,0.077,233,0,BAJA
14,6,Ropa,516.44,0.128,91,0,BAJA
14,6,Alimentos,106.19,0.123,126,0,BAJA
14,6,Hogar,888.33,0.121,208,0,ALTA
14,6,Deportes,568.28,0.06,84,0,BAJA
15,1,Electronica,2384.57,0.146,178,0,BAJA
15,1,Ropa,400.39,0.129,234,0,ALTA
15,1,Alimentos,123.83,0.115,84,0,BAJA
15,1,Hogar,775.68,0.022,123,0,ALTA
15,1,Deportes,557.53,0.02,242,0,BAJA
15,2,Electronica,2849.37,0.065,112,0,BAJA
15,2,Ropa,441.83,0.016,178,0,BAJA
15,2,Alimentos,124.31,0.098,80,0,ALTA
15,2,Hogar,867.38,0.069,61,0,BAJA
15,2,Deportes,563.77,0.104,246,0,ALTA
15,3,Electronica,2231.69,0.018,110,0,BAJA
15,3,Ropa,475.94,0.009,151,0,BAJA
15,3,Alimentos,131.3,0.092,111,0,BAJA
15,3,Hogar,806.49,0.064,76,0,BAJA
15,3,Deportes,640.21,0.029,123,0,BAJA
15,4,Electronica,2745.65,0.11,203,0,ALTA
15,4,Ropa,438.68,0.072,53,0,BAJA
15,4,Alimentos,129.37,0.021,157,0,BAJA
15,4,Hogar,682.91,0.036,245,0,BAJA
15,4,Deportes,739.62,0.073,71,0,BAJA
15,5,Electronica,2465.78,0.127,69,0,BAJA
15,5,Ropa,402.76,0.049,197,0,BAJA
15,5,Alimentos,115.53,0.059,141,0,BAJA
15,5,Hogar,894.1,0.143,207,0,ALTA
15,5,Deportes,686.69,0.066,100,0,BAJA
15,6,Electronica,2153.82,0.135,142,0,BAJA
15,6,Ropa,471.51,0.134,177,0,BAJA
15,6,Alimentos,104.4,0.078,80,0,BAJA
15,6,Hogar,802.93,0.102,58,0,ALTA
15,6,Deportes,692.18,0.011,64,0,ALTA
16,1,Electronica,2842.38,0.111,120,0,BAJA
16,1,Ropa,429.71,0.116,182,0,ALTA
16,1,Alimentos,108.27,0.015,182,0,BAJA
16,1,Hogar,743.61,0.003,66,0,BAJA
16,1,Deportes,610.11,0.115,174,0,BAJA
16,2,Electronica,2279.27,0.018,173,0,BAJA
16,2,Ropa,469.43,0.08,58,0,BAJA
16,2,Alimentos,130.75,0.044,245,0,BAJA
16,2,Hogar,819.78,0.112,212,0,ALTA
16,2,Deportes,577.48,0.051,235,0,BAJA
16,3,Electronica,2404.13,0.065,137,0,BAJA
16,3,Ropa,509.82,0.036,74,0,BAJA
16,3,Alimentos,133.93,0.097,107,0,BAJA
16,3,Hogar,886.73,0.127,233,0,ALTA
16,3,Deportes,699.73,0.069,218,0,BAJA
16,4,Electronica,2707.34,0.098,85,0,BAJA
16,4,Ropa,515.43,0.141,58,0,BAJA
16,4,Alimentos,106.74,0.109,213,0,ALTA
16,4,Hogar,801.4,0.126,196,0,ALTA
16,4,Deportes,667.62,0.076,109,0,BAJA
16,5,Electronica,2641.66,0.131,177,0,BAJA
16,5,Ropa,404.11,0.069,51,0,BAJA
16,5,Alimentos,128.15,0.149,69,0,BAJA
16,5,Hogar,872.02,0.031,161,0,BAJA
16,5,Deportes,672.62,0.028,121,0,BAJA
16,6,Electronica,2540.67,0.001,202,0,ALTA
16,6,Ropa,483.17,0.03,241,0,BAJA
16,6,Alimentos,113.77,0.022,111,0,BAJA
16,6,Hogar,919.12,0.055,139,0,BAJA
16,6,Deportes,725.31,0.089,128,0,BAJA
17,1,Electronica,2646.71,0.0,173,0,BAJA
17,1,Ropa,489.72,0.014,167,0,BAJA
17,1,Alimentos,125.12,0.01,165,0,BAJA
17,1,Hogar,814.56,0.091,185,0,BAJA
17,1,Deportes,605.12,0.124,149,0,ALTA
17,2,Electronica,2168.91,0.05,206,0,BAJA
17,2,Ropa,488.96,0.078,138,0,BAJA
17,2,Alimentos,113.81,0.065,67,0,BAJA
17,2,Hogar,823.57,0.11,249,0,BAJA
17,2,Deportes,677.8,0.063,177,0,BAJA
17,3,Electronica,2213.75,0.061,217,0,BAJA
17,3,Ropa,459.7,0.088,86,0,BAJA
17,3,Alimentos,114.04,0.004,54,0,BAJA
17,3,Hogar,745.54,0.078,109,0,BAJA
17,3,Deportes,603.06,0.064,224,0,BAJA
17,4,Electronica,2264.58,0.12,141,0,BAJA
17,4,Ropa,400.52,0.012,195,0,BAJA
17,4,Alimentos,117.73,0.109,203,0,ALTA
17,4,Hogar,826.45,0.02,200,0,BAJA
17,4,Deportes,739.04,0.01,61,0,BAJA
17,5,Electronica,2321.28,0.037,231,0,BAJA
17,5,Ropa,419.21,0.114,139,0,BAJA
17,5,Alimentos,104.35,0.073,56,0,ALTA
17,5,Hogar,897.54,0.021,156,0,BAJA
17,5,Deportes,620.23,0.135,54,0,BAJA
17,6,Electronica,2847.55,0.084,237,0,ALTA
17,6,Ropa,439.04,0.039,196,0,BAJA
17,6,Alimentos,111.24,0.098,89,0,BAJA
17,6,Hogar,791.34,0.146,171,0,BAJA
17,6,Deportes,574.75,0.023,95,0,BAJA
18,1,Electronica,2762.96,0.084,154,0,BAJA
18,1,Ropa,498.62,0.108,63,0,BAJA
18,1,Alimentos,121.57,0.012,141,0,BAJA
18,1,Hogar,719.79,0.142,219,0,ALTA
18,1,Deportes,642.65,0.062,180,0,BAJA
18,2,Electronica,2171.7,0.077,211,0,BAJA
18,2,Ropa,389.51,0.118,90,0,BAJA
18,2,Alimentos,107.93,0.05,201,0,BAJA
18,2,Hogar,729.17,0.132,225,0,BAJA
18,2,Deportes,599.07,0.068,246,0,BAJA
18,3,Electronica,2145.38,0.01,142,0,BAJA
18,3,Ropa,455.22,0.075,71,0,BAJA
18,3,Alimentos,131.6,0.057,205,0,BAJA
18,3,Hogar,728.9,0.078,107,0,BAJA
18,3,Deportes,665.13,0.095,209,0,BAJA
18,4,Electronica,2811.32,0.08,81,0,BAJA
18,4,Ropa,489.59,0.048,221,0,BAJA
18,4,Alimentos,111.97,0.148,78,0,BAJA
18,4,Hogar,724.21,0.134,180,0,BAJA
18,4,Deportes,638.36,0.092,66,0,BAJA
18,5,Electronica,2727.7,0.076,243,0,BAJA
18,5,Ropa,515.35,0.1,176,0,BAJA
18,5,Alimentos,133.75,0.064,82,0,ALTA
18,5,Hogar,814.34,0.079,193,0,BAJA
18,5,Deportes,567.98,0.11,87,0,BAJA
18,6,Electronica,2739.3,0.081,192,0,BAJA
18,6,Ropa,446.11,0.123,141,0,BAJA
18,6,Alimentos,119.79,0.124,117,0,BAJA
18,6,Hogar,850.88,0.124,70,0,BAJA
18,6,Deportes,580.18,0.052,140,0,BAJA
19,1,Electronica,2613.36,0.093,120,0,BAJA
19,1,Ropa,446.12,0.147,176,0,BAJA
19,1,Alimentos,126.34,0.049,187,0,ALTA
19,1,Hogar,721.97,0.128,95,0,BAJA
19,1,Deportes,606.96,0.096,188,0,BAJA
19,2,Electronica,2353.98,0.032,56,0,BAJA
19,2,Ropa,470.68,0.141,224,0,ALTA
19,2,Alimentos,130.38,0.1,102,0,BAJA
19,2,Hogar,840.98,0.084,72,0,BAJA
19,2,Deportes,642.27,0.13,159,0,BAJA
19,3,Electronica,2857.6,0.017,134,0,ALTA
19,3,Ropa,482.39,0.138,106,0,BAJA
19,3,Alimentos,112.52,0.137,200,0,BAJA
19,3,Hogar,684.32,0.144,195,0,ALTA
19,3,Deportes,714.23,0.042,224,0,BAJA
19,4,Electronica,2652.76,0.081,69,0,BAJA
19,4,Ropa,384.17,0.07,110,0,BAJA
19,4,Alimentos,112.7,0.045,198,0,ALTA
19,4,Hogar,896.69,0.128,183,0,ALTA
19,4,Deportes,726.5,0.028,65,0,BAJA
19,5,Electronica,2720.93,0.005,166,0,BAJA
19,5,Ropa,498.02,0.078,62,0,BAJA
19,5,Alimentos,123.56,0.017,68,0,BAJA
19,5,Hogar,840.61,0.124,225,0,ALTA
19,5,Deportes,653.4,0.065,113,0,BAJA
19,6,Electronica,2705.41,0.09,228,0,BAJA
19,6,Ropa,464.46,0.095,168,0,BAJA
19,6,Alimentos,110.55,0.077,70,0,BAJA
19,6,Hogar,797.04,0.098,240,0,BAJA
19,6,Deportes,697.5,0.076,176,0,ALTA
20,1,Electronica,2315.79,0.054,144,0,ALTA
20,1,Ropa,401.4,0.042,244,0,BAJA
20,1,Alimentos,119.35,0.029,172,0,BAJA
20,1,Hogar,729.68,0.077,51,0,ALTA
20,1,Deportes,595.22,0.006,71,0,BAJA
20,2,Electronica,2726.94,0.086,152,0,BAJA
20,2,Ropa,508.29,0.06,67,0,BAJA
20,2,Alimentos,106.1,0.052,151,0,BAJA
20,2,Hogar,798.45,0.105,248,0,ALTA
20,2,Deportes,606.07,0.059,134,0,BAJA
20,3,Electronica,2805.71,0.107,171,0,BAJA
20,3,Ropa,493.71,0.143,214,0,ALTA
20,3,Alimentos,124.91,0.008,101,0,ALTA
20,3,Hogar,824.91,0.103,72,0,BAJA
20,3,Deportes,641.47,0.055,74,0,BAJA
20,4,Electronica,2688.38,0.011,66,0,BAJA
20,4,Ropa,509.63,0.1,185,0,BAJA
20,4,Alimentos,123.37,0.002,177,0,BAJA
20,4,Hogar,827.02,0.131,194,0,ALTA
20,4,Deportes,728.48,0.01,156,0,BAJA
20,5,Electronica,2133.78,0.063,109,0,BAJA
20,5,Ropa,460.42,0.007,74,0,BAJA
20,5,Alimentos,114.35,0.109,180,0,BAJA
20,5,Hogar,846.2,0.064,184,0,BAJA
20,5,Deportes,612.23,0.118,139,0,BAJA
20,6,Electronica,2741.82,0.129,233,0,ALTA
20,6,Ropa,425.55,0.087,124,0,BAJA
20,6,Alimentos,127.4,0.103,124,0,BAJA
20,6,Hogar,783.33,0.021,228,0,BAJA
20,6,Deportes,582.62,0.004,179,0,BAJA
21,1,Electronica,2380.45,0.011,131,0,BAJA
21,1,Ropa,473.91,0.091,122,0,BAJA
21,1,Alimentos,137.57,0.068,187,0,BAJA
21,1,Hogar,796.54,0.004,151,0,BAJA
21,1,Deportes,627.42,0.006,56,0,BAJA
21,2,Electronica,2245.02,0.004,201,0,BAJA
21,2,Ropa,421.55,0.135,73,0,BAJA
21,2,Alimentos,113.3,0.133,170,0,BAJA
21,2,Hogar,916.16,0.043,242,0,BAJA
21,2,Deportes,627.67,0.051,158,0,BAJA
21,3,Electronica,2540.28,0.081,202,0,BAJA
21,3,Ropa,441.96,0.045,101,0,BAJA
21,3,Alimentos,104.08,0.051,104,0,BAJA
21,3,Hogar,813.85,0.052,166,0,BAJA
21,3,Deportes,639.09,0.094,147,0,BAJA
21,4,Electronica,2870.39,0.132,174,0,BAJA
21,4,Ropa,466.29,0.03,129,0,ALTA
21,4,Alimentos,119.12,0.081,95,0,BAJA
21,4,Hogar,898.27,0.108,156,0,BAJA
21,4,Deportes,577.98,0.119,74,0,BAJA
21,5,Electronica,2331.83,0.132,238,0,ALTA
21,5,Ropa,444.96,0.147,146,0,BAJA
21,5,Alimentos,123.19,0.056,107,0,BAJA
21,5,Hogar,862.83,0.058,152,0,BAJA
21,5,Deportes,665.07,0.13,246,0,ALTA
21,6,Electronica,2745.64,0.115,164,0,BAJA
21,6,Ropa,409.56,0.016,220,0,BAJA
21,6,Alimentos,132.49,0.134,62,0,BAJA
21,6,Hogar,787.6,0.077,175,0,BAJA
21,6,Deportes,556.23,0.072,187,0,BAJA
22,1,Electronica,2644.4,0.02,109,0,BAJA
22,1,Ropa,491.1,0.042,92,0,BAJA
22,1,Alimentos,102.32,0.15,185,0,BAJA
22,1,Hogar,750.71,0.002,197,0,BAJA
22,1,Deportes,696.89,0.021,200,0,BAJA
22,2,Electronica,2618.91,0.115,219,0,ALTA
22,2,Ropa,394.46,0.073,65,0,BAJA
22,2,Alimentos,116.66,0.01,119,0,BAJA
22,2,Hogar,873.98,0.142,64,0,BAJA
22,2,Deportes,654.4,0.045,65,0,BAJA
22,3,Electronica,2720.89,0.106,60,0,ALTA
22,3,Ropa,436.89,0.044,96,0,BAJA
22,3,Alimentos,130.93,0.139,131,0,BAJA
22,3,Hogar,757.16,0.071,95,0,BAJA
22,3,Deportes,743.4,0.091,121,0,BAJA
22,4,Electronica,2217.19,0.133,150,0,BAJA
22,4,Ropa,461.59,0.094,64,0,BAJA
22,4,Alimentos,110.71,0.107,214,0,BAJA
22,4,Hogar,812.6,0.078,78,0,BAJA
22,4,Deportes,605.42,0.075,106,0,BAJA
22,5,Electronica,2597.17,0.008,199,0,BAJA
22,5,Ropa,382.52,0.077,59,0,BAJA
22,5,Alimentos,127.45,0.009,217,0,ALTA
22,5,Hogar,739.24,0.111,113,0,BAJA
22,5,Deportes,622.75,0.041,218,0,BAJA
22,6,Electronica,2716.7,0.134,136,0,BAJA
22,6,Ropa,433.44,0.145,67,0,BAJA
22,6,Alimentos,119.78,0.058,176,0,BAJA
22,6,Hogar,681.05,0.025,192,0,BAJA
22,6,Deportes,740.88,0.114,240,0,ALTA
23,1,Electronica,2348.54,0.016,206,0,BAJA
23,1,Ropa,389.01,0.054,241,0,BAJA
23,1,Alimentos,117.58,0.069,91,0,BAJA
23,1,Hogar,768.76,0.008,203,0,BAJA
23,1,Deportes,712.83,0.128,92,0,BAJA
23,2,Electronica,2479.21,0.132,93,0,BAJA
23,2,Ropa,464.55,0.044,77,0,BAJA
23,2,Alimentos,128.59,0.047,178,0,BAJA
23,2,Hogar,851.17,0.03,228,0,BAJA
23,2,Deportes,624.22,0.009,72,0,BAJA
23,3,Electronica,2325.69,0.125,52,0,BAJA
23,3,Ropa,428.04,0.003,74,0,BAJA
23,3,Alimentos,119.74,0.061,156,0,BAJA
23,3,Hogar,682.38,0.07,242,0,BAJA
23,3,Deportes,684.62,0.047,204,0,BAJA
23,4,Electronica,2515.97,0.146,75,0,ALTA
23,4,Ropa,486.47,0.121,74,0,BAJA
23,4,Alimentos,102.63,0.044,204,0,BAJA
23,4,Hogar,763.54,0.056,50,0,BAJA
23,4,Deportes,678.56,0.146,219,0,ALTA
23,5,Electronica,2798.92,0.117,206,0,ALTA
23,5,Ropa,436.23,0.045,63,0,BAJA
23,5,Alimentos,110.88,0.073,199,0,BAJA
23,5,Hogar,693.88,0.144,238,0,ALTA
23,5,Deportes,745.81,0.082,242,0,ALTA
23,6,Electronica,2399.26,0.034,89,0,BAJA
23,6,Ropa,466.53,0.117,165,0,BAJA
23,6,Alimentos,131.2,0.095,127,0,BAJA
23,6,Hogar,742.38,0.052,233,0,BAJA
23,6,Deportes,644.15,0.134,191,0,ALTA
24,1,Electronica,2235.48,0.001,176,0,BAJA
24,1,Ropa,400.63,0.144,155,0,BAJA
24,1,Alimentos,120.02,0.102,65,0,BAJA
24,1,Hogar,873.67,0.069,159,0,BAJA
24,1,Deportes,561.06,0.025,139,0,BAJA
24,2,Electronica,2162.48,0.127,246,0,ALTA
24,2,Ropa,497.76,0.036,242,0,BAJA
24,2,Alimentos,136.25,0.149,192,0,BAJA
24,2,Hogar,816.69,0.039,137,0,BAJA
24,2,Deportes,566.75,0.093,246,0,BAJA
24,3,Electronica,2719.45,0.136,238,0,BAJA
24,3,Ropa,452.9,0.147,201,0,ALTA
24,3,Alimentos,119.17,0.108,99,0,BAJA
24,3,Hogar,839.98,0.024,163,0,BAJA
24,3,Deportes,649.78,0.002,51,0,BAJA
24,4,Electronica,2819.65,0.034,176,0,BAJA
24,4,Ropa,425.93,0.127,195,0,ALTA
24,4,Alimentos,117.43,0.004,146,0,BAJA
24,4,Hogar,708.44,0.043,129,0,BAJA
24,4,Deportes,746.18,0.007,202,0,BAJA
24,5,Electronica,2419.34,0.113,233,0,BAJA
24,5,Ropa,460.41,0.054,207,0,BAJA
24,5,Alimentos,122.31,0.054,181,0,BAJA
24,5,Hogar,725.98,0.138,70,0,BAJA
24,5,Deportes,595.57,0.006,57,0,BAJA
24,6,Electronica,2775.08,0.042,240,0,BAJA
24,6,Ropa,441.44,0.087,153,0,BAJA
24,6,Alimentos,112.17,0.053,228,0,BAJA
24,6,Hogar,894.21,0.063,206,0,BAJA
24,6,Deportes,649.52,0.031,168,0,BAJA
25,1,Electronica,2373.67,0.128,91,0,ALTA
25,1,Ropa,391.82,0.141,151,0,BAJA
25,1,Alimentos,131.19,0.125,116,0,BAJA
25,1,Hogar,865.07,0.098,80,0,BAJA
25,1,Deportes,657.62,0.042,135,0,ALTA
25,2,Electronica,2220.9,0.115,50,0,BAJA
25,2,Ropa,453.04,0.008,244,0,BAJA
25,2,Alimentos,112.95,0.046,96,0,ALTA
25,2,Hogar,855.04,0.145,94,0,BAJA
25,2,Deportes,697.17,0.127,134,0,BAJA
25,3,Electronica,2368.97,0.107,213,0,ALTA
25,3,Ropa,432.58,0.135,211,0,BAJA
25,3,Alimentos,129.15,0.059,168,0,BAJA
25,3,Hogar,698.83,0.082,191,0,BAJA
25,3,Deportes,704.72,0.088,240,0,ALTA
25,4,Electronica,2323.99,0.09,109,0,BAJA
25,4,Ropa,484.97,0.015,152,0,BAJA
25,4,Alimentos,115.29,0.14,215,0,ALTA
25,4,Hogar,851.44,0.069,234,0,BAJA
25,4,Deportes,694.65,0.129,104,0,BAJA
25,5,Electronica,2271.43,0.052,117,0,BAJA
25,5,Ropa,498.13,0.105,195,0,ALTA
25,5,Alimentos,136.1,0.074,126,0,BAJA
25,5,Hogar,868.69,0.11,126,0,ALTA
25,5,Deportes,716.1,0.002,190,0,BAJA
25,6,Electronica,2453.25,0.035,190,0,BAJA
25,6,Ropa,456.27,0.145,60,0,BAJA
25,6,Alimentos,127.86,0.129,85,0,BAJA
25,6,Hogar,812.65,0.059,76,0,BAJA
25,6,Deportes,583.17,0.046,108,0,BAJA
26,1,Electronica,2629.53,0.12,100,0,BAJA
26,1,Ropa,459.69,0.125,231,0,ALTA
26,1,Alimentos,126.26,0.008,159,0,BAJA
26,1,Hogar,753.63,0.053,174,0,BAJA
26,1,Deportes,695.38,0.061,63,0,BAJA
26,2,Electronica,2339.32,0.065,187,0,BAJA
26,2,Ropa,390.14,0.056,238,0,BAJA
26,2,Alimentos,126.17,0.095,89,0,BAJA
26,2,Hogar,860.23,0.015,105,0,BAJA
26,2,Deportes,636.74,0.147,63,0,BAJA
26,3,Electronica,2259.52,0.146,72,0,BAJA
26,3,Ropa,482.11,0.106,134,0,BAJA
26,3,Alimentos,116.31,0.04,91,0,BAJA
26,3,Hogar,744.45,0.043,181,0,BAJA
26,3,Deportes,670.21,0.012,65,0,BAJA
26,4,Electronica,2347.97,0.014,169,0,BAJA
26,4,Ropa,470.05,0.04,53,0,BAJA
26,4,Alimentos,111.03,0.101,191,0,ALTA
26,4,Hogar,755.1,0.041,169,0,BAJA
26,4,Deportes,737.11,0.016,80,0,BAJA
26,5,Electronica,2677.4,0.132,90,0,BAJA
26,5,Ropa,477.15,0.102,131,0,ALTA
26,5,Alimentos,122.99,0.038,140,0,BAJA
26,5,Hogar,775.77,0.126,87,0,BAJA
26,5,Deportes,743.02,0.015,51,0,BAJA
26,6,Electronica,2194.47,0.112,232,0,ALTA
26,6,Ropa,417.43,0.065,194,0,ALTA
26,6,Alimentos,123.22,0.092,177,0,BAJA
26,6,Hogar,851.37,0.014,89,0,BAJA
26,6,Deportes,696.55,0.002,99,0,BAJA
27,1,Electronica,2328.1,0.037,62,0,BAJA
27,1,Ropa,481.42,0.091,184,0,ALTA
27,1,Alimentos,136.25,0.126,211,0,BAJA
27,1,Hogar,903.85,0.082,90,0,BAJA
27,1,Deportes,697.36,0.111,154,0,ALTA
27,2,Electronica,2403.33,0.138,166,0,BAJA
27,2,Ropa,418.8,0.055,229,0,BAJA
27,2,Alimentos,130.35,0.068,176,0,BAJA
27,2,Hogar,849.31,0.064,138,0,BAJA
27,2,Deportes,735.07,0.01,214,0,BAJA
27,3,Electronica,2457.94,0.003,110,0,BAJA
27,3,Ropa,390.08,0.074,235,0,BAJA
27,3,Alimentos,129.52,0.061,181,0,BAJA
27,3,Hogar,718.28,0.024,64,0,BAJA
27,3,Deportes,682.02,0.132,212,0,ALTA
27,4,Electronica,2207.82,0.043,111,0,BAJA
27,4,Ropa,452.03,0.08,121,0,BAJA
27,4,Alimentos,131.83,0.118,111,0,BAJA
27,4,Hogar,908.68,0.049,120,0,BAJA
27,4,Deportes,736.02,0.131,70,0,BAJA
27,5,Electronica,2540.03,0.075,88,0,BAJA
27,5,Ropa,473.89,0.126,221,0,ALTA
27,5,Alimentos,117.81,0.092,82,0,BAJA
27,5,Hogar,723.02,0.104,95,0,BAJA
27,5,Deportes,584.73,0.0,193,0,BAJA
27,6,Electronica,2511.2,0.024,66,0,ALTA
27,6,Ropa,404.88,0.134,98,0,BAJA
27,6,Alimentos,105.79,0.033,153,0,BAJA
27,6,Hogar,738.88,0.009,128,0,BAJA
27,6,Deportes,595.31,0.144,173,0,BAJA
28,1,Electronica,2436.83,0.064,158,0,BAJA
28,1,Ropa,477.29,0.026,150,0,BAJA
28,1,Alimentos,133.34,0.095,156,0,BAJA
28,1,Hogar,825.35,0.018,117,0,BAJA
28,1,Deportes,687.45,0.031,128,0,BAJA
28,2,Electronica,2278.24,0.076,133,0,ALTA
28,2,Ropa,489.52,0.01,144,0,BAJA
28,2,Alimentos,124.62,0.103,100,0,ALTA
28,2,Hogar,853.63,0.08,217,0,BAJA
28,2,Deportes,716.95,0.073,116,0,BAJA
28,3,Electronica,2463.47,0.028,220,0,BAJA
28,3,Ropa,445.45,0.011,127,0,BAJA
28,3,Alimentos,134.46,0.031,63,0,BAJA
28,3,Hogar,773.46,0.081,243,0,ALTA
28,3,Deportes,678.92,0.011,125,0,BAJA
28,4,Electronica,2450.1,0.15,161,0,BAJA
28,4,Ropa,412.22,0.053,124,0,ALTA
28,4,Alimentos,115.3,0.07,194,0,BAJA
28,4,Hogar,850.1,0.001,93,0,BAJA
28,4,Deportes,646.88,0.001,210,0,BAJA
28,5,Electronica,2536.31,0.01,203,0,BAJA
28,5,Ropa,488.06,0.113,210,0,ALTA
28,5,Alimentos,107.05,0.101,174,0,BAJA
28,5,Hogar,720.77,0.029,228,0,BAJA
28,5,Deportes,729.6,0.114,169,0,BAJA
28,6,Electronica,2791.85,0.087,176,0,BAJA
28,6,Ropa,446.48,0.107,104,0,BAJA
28,6,Alimentos,113.3,0.036,92,0,BAJA
28,6,Hogar,897.88,0.076,87,0,ALTA
28,6,Deportes,688.25,0.057,214,0,BAJA
29,1,Electronica,2722.18,0.041,188,0,BAJA
29,1,Ropa,509.27,0.095,114,0,BAJA
29,1,Alimentos,108.87,0.104,93,0,BAJA
29,1,Hogar,743.51,0.099,212,0,BAJA
29,1,Deportes,700.87,0.028,67,0,BAJA
29,2,Electronica,2401.26,0.065,56,0,BAJA
29,2,Ropa,387.05,0.132,98,0,BAJA
29,2,Alimentos,103.4,0.1,114,0,BAJA
29,2,Hogar,893.15,0.049,230,0,BAJA
29,2,Deportes,713.46,0.127,99,0,BAJA
29,3,Electronica,2175.44,0.014,249,0,BAJA
29,3,Ropa,483.5,0.121,221,0,BAJA
29,3,Alimentos,110.69,0.006,132,0,BAJA
29,3,Hogar,685.38,0.054,206,0,BAJA
29,3,Deportes,613.49,0.098,96,0,ALTA
29,4,Electronica,2698.27,0.094,202,0,ALTA
29,4,Ropa,495.51,0.093,162,0,BAJA
29,4,Alimentos,133.12,0.088,166,0,BAJA
29,4,Hogar,861.62,0.066,191,0,BAJA
29,4,Deportes,597.13,0.09,235,0,BAJA
29,5,Electronica,2381.43,0.079,92,0,BAJA
29,5,Ropa,514.95,0.097,210,0,BAJA
29,5,Alimentos,123.35,0.008,140,0,BAJA
29,5,Hogar,842.61,0.056,238,0,BAJA
29,5,Deportes,650.07,0.104,189,0,ALTA
29,6,Electronica,2331.47,0.023,177,0,BAJA
29,6,Ropa,406.71,0.106,141,0,BAJA
29,6,Alimentos,132.15,0.025,53,0,BAJA
29,6,Hogar,826.33,0.105,217,0,BAJA
29,6,Deportes,739.88,0.08,147,0,BAJA
30,1,Electronica,2240.27,0.086,105,0,BAJA
30,1,Ropa,461.23,0.089,120,0,ALTA
30,1,Alimentos,103.14,0.064,66,0,BAJA
30,1,Hogar,891.43,0.132,181,0,ALTA
30,1,Deportes,720.78,0.133,89,0,BAJA
30,2,Electronica,2339.89,0.12,249,0,ALTA
30,2,Ropa,503.64,0.093,244,0,BAJA
30,2,Alimentos,132.51,0.009,117,0,ALTA
30,2,Hogar,914.08,0.123,220,0,BAJA
30,2,Deportes,569.1,0.058,64,0,BAJA
30,3,Electronica,2297.02,0.07,103,0,BAJA
30,3,Ropa,405.11,0.022,244,0,BAJA
30,3,Alimentos,136.84,0.066,105,0,BAJA
30,3,Hogar,758.3,0.045,96,0,BAJA
30,3,Deportes,602.51,0.053,184,0,ALTA
30,4,Electronica,2282.88,0.121,79,0,BAJA
30,4,Ropa,499.23,0.023,66,0,BAJA
30,4,Alimentos,112.89,0.085,210,0,BAJA
30,4,Hogar,819.37,0.076,78,0,BAJA
30,4,Deportes,605.86,0.073,66,0,BAJA
30,5,Electronica,2354.85,0.123,61,0,BAJA
30,5,Ropa,444.39,0.109,164,0,BAJA
30,5,Alimentos,129.97,0.129,112,0,BAJA
30,5,Hogar,881.63,0.148,227,0,ALTA
30,5,Deportes,590.56,0.073,198,0,BAJA
30,6,Electronica,2487.39,0.126,122,0,BAJA
30,6,Ropa,437.42,0.049,140,0,BAJA
30,6,Alimentos,106.54,0.029,240,0,BAJA
30,6,Hogar,816.25,0.087,147,0,BAJA
30,6,Deportes,597.32,0.083,124,0,BAJA
31,1,Electronica,2230.92,0.086,87,0,BAJA
31,1,Ropa,412.03,0.027,215,0,BAJA
31,1,Alimentos,135.38,0.145,164,0,BAJA
31,1,Hogar,769.89,0.12,123,0,ALTA
31,1,Deportes,661.07,0.127,209,0,ALTA
31,2,Electronica,2629.57,0.033,93,0,BAJA
31,2,Ropa,416.21,0.039,50,0,BAJA
31,2,Alimentos,130.53,0.094,200,0,BAJA
31,2,Hogar,790.0,0.053,68,0,BAJA
31,2,Deportes,732.04,0.006,108,0,BAJA
31,3,Electronica,2303.61,0.136,143,0,BAJA
31,3,Ropa,485.18,0.023,147,0,BAJA
31,3,Alimentos,123.49,0.15,203,0,ALTA
31,3,Hogar,878.61,0.026,56,0,BAJA
31,3,Deportes,618.88,0.077,173,0,BAJA
31,4,Electronica,2507.39,0.075,60,0,ALTA
31,4,Ropa,456.91,0.066,217,0,BAJA
31,4,Alimentos,102.9,0.067,97,0,ALTA
31,4,Hogar,853.9,0.017,171,0,BAJA
31,4,Deportes,586.33,0.057,210,0,BAJA
31,5,Electronica,2688.08,0.019,204,0,BAJA
31,5,Ropa,473.95,0.085,235,0,BAJA
31,5,Alimentos,104.38,0.003,215,0,BAJA
31,5,Hogar,866.06,0.035,119,0,ALTA
31,5,Deportes,739.99,0.1,236,0,BAJA
31,6,Electronica,2583.6,0.102,113,0,BAJA
31,6,Ropa,510.37,0.133,197,0,ALTA
31,6,Alimentos,112.14,0.145,52,0,BAJA
31,6,Hogar,849.5,0.093,248,0,BAJA
31,6,Deportes,618.79,0.012,138,0,BAJA
32,1,Electronica,2382.54,0.125,237,0,ALTA
32,1,Ropa,432.79,0.139,62,0,ALTA
32,1,Alimentos,107.86,0.089,80,0,BAJA
32,1,Hogar,787.21,0.075,99,0,BAJA
32,1,Deportes,681.57,0.113,200,0,ALTA
32,2,Electronica,2803.27,0.123,201,0,ALTA
32,2,Ropa,383.43,0.032,182,0,BAJA
32,2,Alimentos,116.49,0.133,229,0,BAJA
32,2,Hogar,755.33,0.104,104,0,BAJA
32,2,Deportes,588.5,0.051,135,0,BAJA
32,3,Electronica,2214.92,0.11,156,0,BAJA
32,3,Ropa,449.03,0.045,169,0,BAJA
32,3,Alimentos,107.92,0.017,159,0,BAJA
32,3,Hogar,762.55,0.11,181,0,BAJA
32,3,Deportes,712.59,0.085,181,0,BAJA
32,4,Electronica,2424.64,0.049,52,0,BAJA
32,4,Ropa,490.63,0.016,165,0,BAJA
32,4,Alimentos,106.27,0.147,92,0,ALTA
32,4,Hogar,822.76,0.111,56,0,BAJA
32,4,Deportes,656.3,0.015,84,0,BAJA
32,5,Electronica,2347.27,0.141,213,0,BAJA
32,5,Ropa,417.56,0.145,136,0,BAJA
32,5,Alimentos,103.81,0.008,188,0,BAJA
32,5,Hogar,734.37,0.092,100,0,BAJA
32,5,Deportes,622.55,0.124,214,0,ALTA
32,6,Electronica,2388.11,0.054,211,0,BAJA
32,6,Ropa,410.72,0.013,143,0,BAJA
32,6,Alimentos,132.27,0.033,126,0,BAJA
32,6,Hogar,877.67,0.058,141,0,BAJA
32,6,Deportes,734.35,0.018,236,0,BAJA
33,1,Electronica,2523.68,0.005,145,0,BAJA
33,1,Ropa,404.26,0.098,244,0,BAJA
33,1,Alimentos,127.73,0.01,133,0,BAJA
33,1,Hogar,827.07,0.141,182,0,ALTA
33,1,Deportes,621.66,0.083,130,0,BAJA
33,2,Electronica,2736.0,0.092,124,0,BAJA
33,2,Ropa,396.79,0.053,132,0,BAJA
33,2,Alimentos,125.69,0.011,129,0,BAJA
33,2,Hogar,717.64,0.124,58,0,BAJA
33,2,Deportes,585.3,0.132,161,0,BAJA
33,3,Electronica,2501.82,0.11,241,0,ALTA
33,3,Ropa,502.13,0.14,233,0,ALTA
33,3,Alimentos,124.67,0.06,200,0,BAJA
33,3,Hogar,842.59,0.064,196,0,BAJA
33,3,Deportes,581.06,0.125,158,0,BAJA
33,4,Electronica,2448.48,0.057,233,0,BAJA
33,4,Ropa,496.47,0.073,152,0,BAJA
33,4,Alimentos,122.63,0.049,57,0,BAJA
33,4,Hogar,681.53,0.147,243,0,ALTA
33,4,Deportes,694.53,0.052,184,0,BAJA
33,5,Electronica,2835.07,0.06,206,0,BAJA
33,5,Ropa,516.19,0.004,170,0,BAJA
33,5,Alimentos,126.77,0.018,237,0,BAJA
33,5,Hogar,829.46,0.033,111,0,BAJA
33,5,Deportes,633.85,0.024,84,0,BAJA
33,6,Electronica,2692.96,0.135,66,0,BAJA
33,6,Ropa,396.03,0.002,182,0,BAJA
33,6,Alimentos,107.87,0.035,54,0,BAJA
33,6,Hogar,913.93,0.02,96,0,BAJA
33,6,Deportes,733.16,0.063,60,0,ALTA
34,1,Electronica,2555.46,0.059,55,0,BAJA
34,1,Ropa,384.03,0.118,111,0,ALTA
34,1,Alimentos,123.18,0.06,244,0,BAJA
34,1,Hogar,746.06,0.106,104,0,BAJA
34,1,Deportes,625.57,0.082,60,0,BAJA
34,2,Electronica,2749.27,0.121,94,0,BAJA
34,2,Ropa,492.84,0.14,69,0,BAJA
34,2,Alimentos,114.15,0.131,66,0,BAJA
34,2,Hogar,860.59,0.008,148,0,BAJA
34,2,Deportes,617.71,0.059,155,0,BAJA
34,3,Electronica,2554.0,0.121,202,0,ALTA
34,3,Ropa,402.65,0.04,122,0,BAJA
34,3,Alimentos,126.47,0.009,56,0,BAJA
34,3,Hogar,847.32,0.029,178,0,BAJA
34,3,Deportes,725.29,0.134,109,0,BAJA
34,4,Electronica,2433.48,0.036,184,0,BAJA
34,4,Ropa,473.37,0.124,129,0,BAJA
34,4,Alimentos,128.57,0.054,184,0,BAJA
34,4,Hogar,699.5,0.149,81,0,BAJA
34,4,Deportes,743.07,0.119,181,0,ALTA
34,5,Electronica,2774.58,0.043,143,0,BAJA
34,5,Ropa,438.01,0.064,116,0,BAJA
34,5,Alimentos,132.62,0.03,236,0,BAJA
34,5,Hogar,877.59,0.083,205,0,ALTA
34,5,Deportes,712.08,0.006,227,0,BAJA
34,6,Electronica,2345.55,0.032,203,0,BAJA
34,6,Ropa,499.35,0.015,75,0,BAJA
34,6,Alimentos,126.26,0.127,114,0,BAJA
34,6,Hogar,822.62,0.09,186,0,BAJA
34,6,Deportes,636.17,0.041,203,0,BAJA
35,1,Electronica,2644.27,0.035,175,0,BAJA
35,1,Ropa,412.03,0.009,76,0,BAJA
35,1,Alimentos,132.58,0.007,196,0,BAJA
35,1,Hogar,794.85,0.139,116,0,BAJA
35,1,Deportes,555.17,0.012,101,0,ALTA
35,2,Electronica,2598.53,0.064,159,0,BAJA
35,2,Ropa,422.45,0.1,243,0,ALTA
35,2,Alimentos,134.05,0.087,162,0,BAJA
35,2,Hogar,696.65,0.013,170,0,BAJA
35,2,Deportes,731.37,0.061,78,0,BAJA
35,3,Electronica,2345.02,0.079,189,0,BAJA
35,3,Ropa,489.45,0.101,185,0,BAJA
35,3,Alimentos,112.65,0.0,104,0,BAJA
35,3,Hogar,838.84,0.095,168,0,ALTA
35,3,Deportes,694.61,0.049,183,0,BAJA
35,4,Electronica,2382.05,0.02,68,0,BAJA
35,4,Ropa,506.48,0.097,70,0,BAJA
35,4,Alimentos,128.24,0.117,73,0,ALTA
35,4,Hogar,850.91,0.053,100,0,ALTA
35,4,Deportes,657.86,0.128,241,0,ALTA
35,5,Electronica,2510.85,0.013,159,0,BAJA
35,5,Ropa,464.46,0.058,98,0,ALTA
35,5,Alimentos,113.34,0.014,85,0,BAJA
35,5,Hogar,786.58,0.08,224,0,BAJA
35,5,Deportes,666.13,0.122,115,0,BAJA
35,6,Electronica,2427.03,0.101,186,0,ALTA
35,6,Ropa,400.48,0.095,75,0,BAJA
35,6,Alimentos,126.96,0.105,200,0,BAJA
35,6,Hogar,799.99,0.11,173,0,BAJA
35,6,Deportes,557.51,0.043,138,0,BAJA
36,1,Electronica,2762.47,0.029,75,0,BAJA
36,1,Ropa,397.09,0.072,167,0,BAJA
36,1,Alimentos,105.1,0.009,71,0,BAJA
36,1,Hogar,810.64,0.035,177,0,BAJA
36,1,Deportes,560.61,0.075,187,0,BAJA
36,2,Electronica,2355.83,0.092,229,0,BAJA
36,2,Ropa,461.22,0.11,122,0,BAJA
36,2,Alimentos,118.78,0.028,190,0,BAJA
36,2,Hogar,766.07,0.137,54,0,BAJA
36,2,Deportes,563.59,0.115,190,0,ALTA
36,3,Electronica,2631.75,0.059,201,0,BAJA
36,3,Ropa,438.16,0.14,100,0,BAJA
36,3,Alimentos,123.04,0.145,125,0,ALTA
36,3,Hogar,761.43,0.076,82,0,BAJA
36,3,Deportes,747.06,0.068,120,0,BAJA
36,4,Electronica,2211.36,0.132,132,0,BAJA
36,4,Ropa,471.56,0.066,179,0,ALTA
36,4,Alimentos,131.29,0.141,179,0,BAJA
36,4,Hogar,716.34,0.072,170,0,BAJA
36,4,Deportes,630.79,0.051,75,0,BAJA
36,5,Electronica,2247.0,0.11,91,0,ALTA
36,5,Ropa,457.07,0.089,224,0,BAJA
36,5,Alimentos,114.44,0.12,158,0,ALTA
36,5,Hogar,815.8,0.136,129,0,BAJA
36,5,Deportes,580.48,0.023,136,0,BAJA
36,6,Electronica,2185.46,0.141,201,0,ALTA
36,6,Ropa,494.34,0.012,145,0,BAJA
36,6,Alimentos,131.83,0.118,105,0,BAJA
36,6,Hogar,709.84,0.131,244,0,ALTA
36,6,Deportes,693.3,0.006,131,0,BAJA
37,1,Electronica,2560.48,0.14,184,0,ALTA
37,1,Ropa,491.81,0.143,54,0,BAJA
37,1,Alimentos,105.1,0.122,106,0,BAJA
37,1,Hogar,785.57,0.097,126,0,ALTA
37,1,Deportes,669.39,0.135,126,0,BAJA
37,2,Electronica,2456.93,0.007,214,0,BAJA
37,2,Ropa,461.88,0.053,209,0,BAJA
37,2,Alimentos,131.73,0.095,206,0,BAJA
37,2,Hogar,779.39,0.144,158,0,BAJA
37,2,Deportes,595.5,0.094,164,0,BAJA
37,3,Electronica,2169.69,0.091,202,0,BAJA
37,3,Ropa,413.11,0.1,66,0,BAJA
37,3,Alimentos,107.88,0.028,90,0,BAJA
37,3,Hogar,692.28,0.06,152,0,BAJA
37,3,Deportes,627.14,0.126,79,0,BAJA
37,4,Electronica,2171.53,0.011,164,0,BAJA
37,4,Ropa,501.03,0.084,241,0,ALTA
37,4,Alimentos,105.53,0.007,87,0,BAJA
37,4,Hogar,834.94,0.007,239,0,BAJA
37,4,Deportes,610.34,0.012,83,0,BAJA
37,5,Electronica,2217.46,0.078,99,0,BAJA
37,5,Ropa,516.08,0.103,239,0,ALTA
37,5,Alimentos,115.76,0.083,65,0,ALTA
37,5,Hogar,840.9,0.096,132,0,BAJA
37,5,Deportes,633.51,0.004,117,0,BAJA
37,6,Electronica,2198.82,0.144,169,0,BAJA
37,6,Ropa,425.07,0.059,97,0,ALTA
37,6,Alimentos,108.45,0.12,185,0,ALTA
37,6,Hogar,794.02,0.138,64,0,BAJA
37,6,Deportes,620.74,0.117,248,0,ALTA
38,1,Electronica,2780.73,0.125,94,0,BAJA
38,1,Ropa,437.81,0.147,86,0,BAJA
38,1,Alimentos,114.03,0.11,134,0,BAJA
38,1,Hogar,879.83,0.121,223,0,ALTA
38,1,Deportes,687.45,0.021,133,0,BAJA
38,2,Electronica,2427.05,0.078,249,0,BAJA
38,2,Ropa,473.69,0.059,76,0,BAJA
38,2,Alimentos,136.17,0.132,231,0,BAJA
38,2,Hogar,730.0,0.053,183,0,BAJA
38,2,Deportes,634.09,0.054,168,0,BAJA
38,3,Electronica,2246.09,0.071,160,0,BAJA
38,3,Ropa,410.86,0.111,55,0,BAJA
38,3,Alimentos,130.09,0.085,102,0,BAJA
38,3,Hogar,816.17,0.119,197,0,ALTA
38,3,Deportes,647.69,0.02,102,0,BAJA
38,4,Electronica,2574.47,0.077,107,0,ALTA
38,4,Ropa,449.49,0.043,196,0,ALTA
38,4,Alimentos,123.05,0.141,84,0,BAJA
38,4,Hogar,701.94,0.094,160,0,BAJA
38,4,Deportes,654.17,0.134,89,0,ALTA
38,5,Electronica,2771.25,0.087,228,0,BAJA
38,5,Ropa,491.87,0.064,199,0,BAJA
38,5,Alimentos,122.6,0.027,103,0,BAJA
38,5,Hogar,739.25,0.046,161,0,BAJA
38,5,Deportes,635.67,0.092,66,0,ALTA
38,6,Electronica,2253.87,0.078,92,0,BAJA
38,6,Ropa,436.54,0.122,52,0,BAJA
38,6,Alimentos,126.08,0.12,236,0,ALTA
38,6,Hogar,716.91,0.133,141,0,BAJA
38,6,Deportes,681.79,0.102,236,0,BAJA
39,1,Electronica,2665.12,0.043,225,0,ALTA
39,1,Ropa,413.7,0.135,101,0,BAJA
39,1,Alimentos,106.97,0.129,150,0,BAJA
39,1,Hogar,737.38,0.114,202,0,ALTA
39,1,Deportes,632.58,0.031,245,0,BAJA
39,2,Electronica,2825.91,0.046,206,0,BAJA
39,2,Ropa,475.87,0.145,128,0,BAJA
39,2,Alimentos,126.18,0.109,165,0,BAJA
39,2,Hogar,801.07,0.047,135,0,BAJA
39,2,Deportes,697.82,0.035,131,0,BAJA
39,3,Electronica,2273.97,0.118,231,0,ALTA
39,3,Ropa,483.92,0.135,219,0,ALTA
39,3,Alimentos,136.43,0.057,117,0,ALTA
39,3,Hogar,796.68,0.016,99,0,BAJA
39,3,Deportes,710.22,0.131,110,0,BAJA
39,4,Electronica,2767.92,0.115,79,0,BAJA
39,4,Ropa,510.08,0.102,116,0,BAJA
39,4,Alimentos,125.25,0.077,73,0,BAJA
39,4,Hogar,872.58,0.129,77,0,BAJA
39,4,Deportes,616.62,0.099,200,0,BAJA
39,5,Electronica,2834.31,0.047,221,0,BAJA
39,5,Ropa,477.68,0.111,185,0,ALTA
39,5,Alimentos,133.43,0.025,60,0,BAJA
39,5,Hogar,794.11,0.127,126,0,BAJA
39,5,Deportes,715.61,0.082,87,0,BAJA
39,6,Electronica,2508.34,0.091,142,0,BAJA
39,6,Ropa,494.49,0.106,71,0,BAJA
39,6,Alimentos,126.16,0.105,122,0,BAJA
39,6,Hogar,854.09,0.017,131,0,BAJA
39,6,Deportes,561.7,0.144,185,0,ALTA
40,1,Electronica,2327.92,0.037,238,0,BAJA
40,1,Ropa,487.19,0.059,77,0,ALTA
40,1,Alimentos,121.59,0.146,123,0,BAJA
40,1,Hogar,762.58,0.078,138,0,BAJA
40,1,Deportes,651.08,0.076,77,0,BAJA
40,2,Electronica,2312.48,0.011,182,0,BAJA
40,2,Ropa,438.54,0.063,207,0,BAJA
40,2,Alimentos,131.53,0.097,133,0,BAJA
40,2,Hogar,741.6,0.113,152,0,BAJA
40,2,Deportes,668.73,0.149,137,0,BAJA
40,3,Electronica,2383.76,0.008,90,0,BAJA
40,3,Ropa,412.15,0.0,233,0,BAJA
40,3,Alimentos,128.72,0.025,74,0,ALTA
40,3,Hogar,853.77,0.139,136,0,BAJA
40,3,Deportes,652.42,0.052,124,0,BAJA
40,4,Electronica,2664.04,0.017,57,0,BAJA
40,4,Ropa,413.92,0.008,87,0,ALTA
40,4,Alimentos,116.11,0.12,118,0,BAJA
40,4,Hogar,842.14,0.076,222,0,BAJA
40,4,Deportes,554.43,0.117,142,0,BAJA
40,5,Electronica,2487.42,0.148,200,0,ALTA
40,5,Ropa,455.18,0.149,221,0,ALTA
40,5,Alimentos,127.43,0.052,51,0,BAJA
40,5,Hogar,736.34,0.123,117,0,BAJA
40,5,Deportes,552.62,0.046,98,0,BAJA
40,6,Electronica,2176.14,0.028,161,0,BAJA
40,6,Ropa,438.85,0.057,225,0,BAJA
40,6,Alimentos,119.75,0.05,71,0,BAJA
40,6,Hogar,694.45,0.045,109,0,BAJA
40,6,Deportes,584.54,0.117,74,0,BAJA
